"CodeObj","Vaddr","Instruction","Hitcount","Latency","Stall","Idle","Source"
2,6912,"; mm_4096$async_dispatch_0_matmul_4096x4096x4096_bf16xbf16xf32",0,0,0,0,""
2,6912,"s_load_dwordx4 s[8:11], s[4:5], 0x0",0,0,0,0,""
2,6920,"s_load_dwordx2 s[12:13], s[4:5], 0x10",0,0,0,0,""
2,6928,"s_waitcnt lgkmcnt(0)",0,0,0,0,""
2,6932,"s_branch 58",0,0,0,0,""
2,6936,"s_nop 0",0,0,0,0,""
2,6940,"s_nop 0",0,0,0,0,""
2,6944,"s_nop 0",0,0,0,0,""
2,6948,"s_nop 0",0,0,0,0,""
2,6952,"s_nop 0",0,0,0,0,""
2,6956,"s_nop 0",0,0,0,0,""
2,6960,"s_nop 0",0,0,0,0,""
2,6964,"s_nop 0",0,0,0,0,""
2,6968,"s_nop 0",0,0,0,0,""
2,6972,"s_nop 0",0,0,0,0,""
2,6976,"s_nop 0",0,0,0,0,""
2,6980,"s_nop 0",0,0,0,0,""
2,6984,"s_nop 0",0,0,0,0,""
2,6988,"s_nop 0",0,0,0,0,""
2,6992,"s_nop 0",0,0,0,0,""
2,6996,"s_nop 0",0,0,0,0,""
2,7000,"s_nop 0",0,0,0,0,""
2,7004,"s_nop 0",0,0,0,0,""
2,7008,"s_nop 0",0,0,0,0,""
2,7012,"s_nop 0",0,0,0,0,""
2,7016,"s_nop 0",0,0,0,0,""
2,7020,"s_nop 0",0,0,0,0,""
2,7024,"s_nop 0",0,0,0,0,""
2,7028,"s_nop 0",0,0,0,0,""
2,7032,"s_nop 0",0,0,0,0,""
2,7036,"s_nop 0",0,0,0,0,""
2,7040,"s_nop 0",0,0,0,0,""
2,7044,"s_nop 0",0,0,0,0,""
2,7048,"s_nop 0",0,0,0,0,""
2,7052,"s_nop 0",0,0,0,0,""
2,7056,"s_nop 0",0,0,0,0,""
2,7060,"s_nop 0",0,0,0,0,""
2,7064,"s_nop 0",0,0,0,0,""
2,7068,"s_nop 0",0,0,0,0,""
2,7072,"s_nop 0",0,0,0,0,""
2,7076,"s_nop 0",0,0,0,0,""
2,7080,"s_nop 0",0,0,0,0,""
2,7084,"s_nop 0",0,0,0,0,""
2,7088,"s_nop 0",0,0,0,0,""
2,7092,"s_nop 0",0,0,0,0,""
2,7096,"s_nop 0",0,0,0,0,""
2,7100,"s_nop 0",0,0,0,0,""
2,7104,"s_nop 0",0,0,0,0,""
2,7108,"s_nop 0",0,0,0,0,""
2,7112,"s_nop 0",0,0,0,0,""
2,7116,"s_nop 0",0,0,0,0,""
2,7120,"s_nop 0",0,0,0,0,""
2,7124,"s_nop 0",0,0,0,0,""
2,7128,"s_nop 0",0,0,0,0,""
2,7132,"s_nop 0",0,0,0,0,""
2,7136,"s_nop 0",0,0,0,0,""
2,7140,"s_nop 0",0,0,0,0,""
2,7144,"s_nop 0",0,0,0,0,""
2,7148,"s_nop 0",0,0,0,0,""
2,7152,"s_nop 0",0,0,0,0,""
2,7156,"s_nop 0",0,0,0,0,""
2,7160,"s_nop 0",0,0,0,0,""
2,7164,"s_nop 0",0,0,0,0,""
2,7168,"v_lshrrev_b32_e32 v4, 1, v0",704,6484,3628,69732,""
2,7172,"s_lshl_b32 s1, s14, 2",704,4376,1532,0,""
2,7176,"v_and_b32_e32 v5, 0x60, v4",704,6392,3520,0,""
2,7184,"s_and_b32 s1, s1, 0xf80",704,4088,1252,0,""
2,7192,"v_or_b32_e32 v6, s1, v5",704,6552,3652,0,""
2,7196,"s_lshl_b32 s1, s14, 7",704,3608,784,0,""
2,7200,"v_bfe_u32 v2, v0, 2, 4",704,5664,2828,0,""
2,7208,"s_and_b32 s1, s1, 0xf80",704,3176,344,0,""
2,7216,"v_lshlrev_b32_e32 v68, 6, v5",704,4256,1372,0,""
2,7220,"v_or_b32_e32 v3, 16, v2",704,5240,2420,0,""
2,7224,"v_or_b32_e32 v7, s1, v5",704,3640,720,0,""
2,7228,"v_lshlrev_b32_e32 v9, 4, v0",704,5360,2492,0,""
2,7232,"v_lshlrev_b32_e32 v67, 5, v5",704,3572,756,0,""
2,7236,"v_or_b32_e32 v5, 0x4000, v68",704,3016,200,0,""
2,7244,"v_or_b32_e32 v8, v6, v2",704,2816,0,0,""
2,7248,"v_and_b32_e32 v9, 48, v9",704,3260,172,0,""
2,7252,"v_readfirstlane_b32 s2, v5",704,45900,43084,0,""
2,7256,"v_or_b32_e32 v5, v6, v3",704,3736,920,0,""
2,7260,"v_or_b32_e32 v6, 0x4400, v68",704,3648,748,0,""
2,7268,"s_mov_b64 s[4:5], s[10:11]",704,4076,1228,4780,""
2,7272,"s_and_b32 s9, s9, 0xffff",704,2924,104,0,""
2,7280,"s_mov_b32 s11, 0x27000",704,2852,28,0,""
2,7288,"s_brev_b32 s10, 64",704,5268,2448,0,""
2,7292,"v_lshl_or_b32 v8, v8, 13, v9",704,5544,2700,0,""
2,7300,"s_mov_b32 m0, s2",704,4360,1484,0,""
2,7304,"v_readfirstlane_b32 s2, v6",704,9988,7032,0,""
2,7308,"buffer_load_dwordx4 v8, s[8:11], 0 offen lds",704,1029684,1026548,5492,""
2,7316,"v_lshl_or_b32 v5, v5, 13, v9",704,9568,6724,0,""
2,7324,"s_mov_b32 m0, s2",704,3716,756,0,""
2,7328,"v_readfirstlane_b32 s2, v68",704,16448,13320,0,""
2,7332,"buffer_load_dwordx4 v5, s[8:11], 0 offen lds",704,630648,627704,5320,""
2,7340,"v_or_b32_e32 v5, v7, v2",704,10792,7940,0,""
2,7344,"s_and_b32 s5, s5, 0xffff",704,3140,260,0,""
2,7352,"s_mov_b32 s6, s10",704,3264,416,0,""
2,7356,"s_mov_b32 s7, s11",704,3248,372,0,""
2,7360,"v_lshl_or_b32 v5, v5, 13, v9",704,7848,5012,0,""
2,7368,"s_mov_b32 m0, s2",704,3552,668,0,""
2,7372,"v_or_b32_e32 v3, v7, v3",704,5664,2592,0,""
2,7376,"buffer_load_dwordx4 v5, s[4:7], 0 offen lds",704,583772,580884,5376,""
2,7384,"v_or_b32_e32 v5, 0x400, v68",704,5588,2592,0,""
2,7392,"v_lshl_or_b32 v3, v3, 13, v9",704,5048,1996,0,""
2,7400,"v_readfirstlane_b32 s2, v5",704,41196,38248,0,""
2,7404,"s_mov_b32 m0, s2",704,3736,824,11132,""
2,7408,"v_and_b32_e32 v65, 64, v4",704,5512,2492,0,""
2,7412,"buffer_load_dwordx4 v3, s[4:7], 0 offen lds",704,410456,407388,5428,""
2,7420,"v_and_or_b32 v3, v0, 15, v65",704,6540,3704,0,""
2,7428,"s_mov_b32 s0, s14",704,3060,124,0,""
2,7432,"v_lshlrev_b32_e32 v70, 6, v3",704,5004,2144,0,""
2,7436,"v_lshlrev_b32_e32 v3, 12, v0",704,3824,1004,0,""
2,7440,"s_and_b32 s2, s0, 31",704,3156,260,0,""
2,7444,"v_and_b32_e32 v3, 0xc0000, v3",704,4516,1680,0,""
2,7452,"v_lshl_or_b32 v4, s2, 20, v3",704,3476,656,0,""
2,7460,"s_lshl_b32 s2, s0, 15",704,3080,220,0,""
2,7464,"v_bfe_u32 v64, v0, 4, 2",704,5160,2332,0,""
2,7472,"v_and_b32_e32 v66, 0x4f, v0",704,3520,688,0,""
2,7480,"v_and_b32_e32 v0, 3, v0",704,4860,2032,0,""
2,7484,"s_and_b32 s2, s2, 0x1f00000",704,3144,300,60,""
2,7492,"v_lshlrev_b32_e32 v2, 13, v2",704,5904,3080,0,""
2,7496,"v_lshlrev_b32_e32 v0, 4, v0",704,4372,1544,0,""
2,7500,"v_or_b32_e32 v3, s2, v3",704,4592,1764,0,""
2,7504,"v_lshlrev_b32_e32 v1, 3, v64",704,4384,1552,0,""
2,7508,"v_or3_b32 v72, v4, v2, v0",704,4764,1924,0,""
2,7516,"v_or3_b32 v73, v3, v2, v0",704,4672,1844,4,""
2,7524,"v_mov_b32_e32 v0, 0",704,4616,1800,0,""
2,7528,"s_movk_i32 s14, 0x4000",704,3100,280,0,""
2,7532,"s_mov_b32 s15, 0",704,2968,140,0,""
2,7536,"v_lshlrev_b32_e32 v69, 6, v66",704,4588,1768,0,""
2,7540,"s_mov_b64 s[2:3], 0",704,3060,244,0,""
2,7544,"s_movk_i32 s16, 0x1000",704,2956,124,0,""
2,7548,"v_lshlrev_b32_e32 v71, 1, v1",704,4600,1784,0,""
2,7552,"s_mov_b32 s17, 0",704,3088,244,0,""
2,7556,"v_mov_b32_e32 v1, v0",704,4960,2136,0,""
2,7560,"v_mov_b32_e32 v2, v0",704,3628,804,0,""
2,7564,"v_mov_b32_e32 v3, v0",704,4824,1976,0,""
2,7568,"v_mov_b32_e32 v36, v0",704,3784,940,0,""
2,7572,"v_mov_b32_e32 v37, v0",704,4832,1980,0,""
2,7576,"v_mov_b32_e32 v38, v0",704,3808,976,0,""
2,7580,"v_mov_b32_e32 v39, v0",704,4608,1776,0,""
2,7584,"v_mov_b32_e32 v24, v0",704,3760,920,0,""
2,7588,"v_mov_b32_e32 v25, v0",704,4416,1592,0,""
2,7592,"v_mov_b32_e32 v26, v0",704,3772,944,0,""
2,7596,"v_mov_b32_e32 v27, v0",704,4388,1556,0,""
2,7600,"v_mov_b32_e32 v28, v0",704,4148,1316,0,""
2,7604,"v_mov_b32_e32 v29, v0",704,4784,1952,0,""
2,7608,"v_mov_b32_e32 v30, v0",704,3720,900,0,""
2,7612,"v_mov_b32_e32 v31, v0",704,4852,2012,0,""
2,7616,"v_mov_b32_e32 v32, v0",704,3912,1068,0,""
2,7620,"v_mov_b32_e32 v33, v0",704,4612,1772,0,""
2,7624,"v_mov_b32_e32 v34, v0",704,3908,1076,0,""
2,7628,"v_mov_b32_e32 v35, v0",704,4500,1672,0,""
2,7632,"v_mov_b32_e32 v20, v0",704,3928,1104,0,""
2,7636,"v_mov_b32_e32 v21, v0",704,4296,1468,0,""
2,7640,"v_mov_b32_e32 v22, v0",704,3864,1036,0,""
2,7644,"v_mov_b32_e32 v23, v0",704,4612,1788,0,""
2,7648,"v_mov_b32_e32 v40, v0",704,3848,1016,0,""
2,7652,"v_mov_b32_e32 v41, v0",704,4180,1356,0,""
2,7656,"v_mov_b32_e32 v42, v0",704,3848,1024,0,""
2,7660,"v_mov_b32_e32 v43, v0",704,4080,1264,0,""
2,7664,"v_mov_b32_e32 v44, v0",704,4032,1208,0,""
2,7668,"v_mov_b32_e32 v45, v0",704,4184,1368,0,""
2,7672,"v_mov_b32_e32 v46, v0",704,3792,964,0,""
2,7676,"v_mov_b32_e32 v47, v0",704,4160,1340,0,""
2,7680,"v_mov_b32_e32 v48, v0",704,3796,976,0,""
2,7684,"v_mov_b32_e32 v49, v0",704,3832,1004,0,""
2,7688,"v_mov_b32_e32 v50, v0",704,3624,808,0,""
2,7692,"v_mov_b32_e32 v51, v0",704,3880,1060,0,""
2,7696,"v_mov_b32_e32 v52, v0",704,3836,1012,0,""
2,7700,"v_mov_b32_e32 v53, v0",704,3900,1084,0,""
2,7704,"v_mov_b32_e32 v54, v0",704,3784,956,0,""
2,7708,"v_mov_b32_e32 v55, v0",704,3732,908,0,""
2,7712,"v_mov_b32_e32 v56, v0",704,3448,628,0,""
2,7716,"v_mov_b32_e32 v57, v0",704,3980,1160,0,""
2,7720,"v_mov_b32_e32 v58, v0",704,3900,1084,0,""
2,7724,"v_mov_b32_e32 v59, v0",704,3712,892,0,""
2,7728,"v_mov_b32_e32 v60, v0",704,3596,780,0,""
2,7732,"v_mov_b32_e32 v61, v0",704,3496,680,0,""
2,7736,"v_mov_b32_e32 v62, v0",704,3684,868,0,""
2,7740,"v_mov_b32_e32 v63, v0",704,3648,832,0,""
2,7744,"v_mov_b32_e32 v16, v0",704,3384,568,0,""
2,7748,"v_mov_b32_e32 v17, v0",704,3452,636,0,""
2,7752,"v_mov_b32_e32 v18, v0",704,3236,420,0,""
2,7756,"v_mov_b32_e32 v19, v0",704,3508,692,0,""
2,7760,"v_mov_b32_e32 v4, v0",704,3148,332,0,""
2,7764,"v_mov_b32_e32 v5, v0",704,3344,528,0,""
2,7768,"v_mov_b32_e32 v6, v0",704,3124,308,0,""
2,7772,"v_mov_b32_e32 v7, v0",704,3416,600,0,""
2,7776,"v_mov_b32_e32 v8, v0",704,3156,340,0,""
2,7780,"v_mov_b32_e32 v9, v0",704,3392,568,0,""
2,7784,"v_mov_b32_e32 v10, v0",704,3080,264,0,""
2,7788,"v_mov_b32_e32 v11, v0",704,3444,620,0,""
2,7792,"v_mov_b32_e32 v12, v0",704,3076,256,0,""
2,7796,"v_mov_b32_e32 v13, v0",704,3276,460,0,""
2,7800,"v_mov_b32_e32 v14, v0",704,3176,360,0,""
2,7804,"v_mov_b32_e32 v15, v0",704,3288,472,0,""
2,7808,"s_mov_b64 s[18:19], s[2:3]",89408,365872,7672,1392884,""
2,7812,"s_mov_b64 s[20:21], s[2:3]",89408,372768,15020,0,""
2,7816,"s_and_b32 s2, s16, 0x1000",89408,365156,6084,0,""
2,7824,"v_or_b32_e32 v77, s2, v67",89408,511828,153528,0,""
2,7828,"v_lshlrev_b32_e32 v77, 1, v77",89408,975460,617580,0,""
2,7832,"s_lshl1_add_u32 s18, s18, s15",89408,372868,13392,0,""
2,7836,"v_or_b32_e32 v82, 0x4000, v77",89408,490316,131972,0,""
2,7844,"v_add_u32_e32 v74, s17, v73",89408,396220,37612,0,""
2,7848,"v_add3_u32 v81, s18, v69, v71",89408,645732,287144,0,""
2,7856,"v_add_u32_e32 v77, 0x4400, v77",89408,398996,40440,0,""
2,7864,"v_readfirstlane_b32 s18, v82",89408,550684,191744,0,""
2,7868,"v_add_u32_e32 v76, 64, v74",89408,400708,42032,0,""
2,7872,"v_lshl_or_b32 v79, s2, 1, v68",89408,523812,165640,16,""
2,7880,"s_lshl1_add_u32 s3, s20, s14",89408,368576,8740,540856,""
2,7884,"v_readfirstlane_b32 s20, v77",89408,535884,174736,0,""
2,7888,"s_mov_b32 m0, s18",89408,368096,10460,1427012,""
2,7892,"s_barrier",89408,2508960,2508960,1568,""
2,7896,"v_add_u32_e32 v75, s17, v72",89408,825748,466600,0,""
2,7900,"v_add_u32_e32 v74, 0x20040, v74",89408,1105040,746200,0,""
2,7908,"v_readfirstlane_b32 s19, v79",89408,552004,193556,0,""
2,7912,"v_add_u32_e32 v79, 0x400, v79",89408,459204,99232,0,""
2,7920,"buffer_load_dwordx4 v76, s[8:11], 0 offen lds",89408,29657200,29298904,712924,""
2,7928,"s_mov_b32 m0, s20",89408,392336,3344,0,""
2,7932,"v_add_u32_e32 v78, 64, v75",89408,765504,404836,0,""
2,7936,"v_add3_u32 v80, s3, v70, v71",89408,538692,159172,0,""
2,7944,"v_readfirstlane_b32 s3, v79",89408,693328,313368,0,""
2,7948,"buffer_load_dwordx4 v74, s[8:11], 0 offen lds",89408,17385072,17013632,692936,""
2,7956,"s_mov_b32 m0, s19",89408,393188,4992,39668,""
2,7960,"v_add_u32_e32 v75, 0x20040, v75",89408,755476,359228,0,""
2,7968,"buffer_load_dwordx4 v78, s[4:7], 0 offen lds",89408,18116940,17757664,676648,""
2,7976,"s_mov_b32 m0, s3",89408,366720,7976,0,""
2,7980,"s_add_i32 s17, s17, 64",89408,376808,6848,0,""
2,7984,"buffer_load_dwordx4 v75, s[4:7], 0 offen lds",89408,18609872,18219232,345304,""
2,7992,"s_waitcnt vmcnt(4)",89408,4556484,4556484,0,""
2,7996,"s_barrier",89408,9745824,9745824,3804,""
2,8000,"ds_read_b128 v[74:77], v80",89408,1282944,921108,0,""
2,8008,"ds_read_b128 v[82:85], v81",89408,1180984,818220,0,""
2,8016,"ds_read_b128 v[86:89], v80 offset:1024",89408,1295820,932132,0,""
2,8024,"ds_read_b128 v[90:93], v81 offset:1024",89408,1418028,1053284,0,""
2,8032,"ds_read_b128 v[94:97], v81 offset:2048",89408,1905576,1540292,0,""
2,8040,"ds_read_b128 v[98:101], v81 offset:3072",89408,2934696,2571276,0,""
2,8048,"s_waitcnt lgkmcnt(4)",89408,1820044,1820044,0,""
2,8052,"v_mfma_f32_16x16x32_bf16 v[0:3], v[74:77], v[82:85], v[0:3]",89408,1401588,1043708,0,""
2,8060,"s_addk_i32 s16, 0x1000",89408,367736,8988,0,""
2,8064,"s_cmpk_lg_i32 s17, 0x1fc0",89408,471360,106700,0,""
2,8068,"s_waitcnt lgkmcnt(2)",89408,3790136,3790136,0,""
2,8072,"v_mfma_f32_16x16x32_bf16 v[36:39], v[74:77], v[90:93], v[36:39]",89408,631364,264500,0,""
2,8080,"s_waitcnt lgkmcnt(1)",89408,2432540,2432540,0,""
2,8084,"v_mfma_f32_16x16x32_bf16 v[24:27], v[74:77], v[94:97], v[24:27]",89408,858364,490284,0,""
2,8092,"s_waitcnt lgkmcnt(0)",89408,2275288,2275288,0,""
2,8096,"v_mfma_f32_16x16x32_bf16 v[28:31], v[74:77], v[98:101], v[28:31]",89408,785384,413040,0,""
2,8104,"ds_read_b128 v[74:77], v80 offset:2048",89408,1052908,692840,0,""
2,8112,"ds_read_b128 v[78:81], v80 offset:3072",89408,710840,352096,0,""
2,8120,"v_mfma_f32_16x16x32_bf16 v[32:35], v[86:89], v[82:85], v[32:35]",89408,603656,234316,0,""
2,8128,"v_mfma_f32_16x16x32_bf16 v[20:23], v[86:89], v[90:93], v[20:23]",89408,1634756,1261100,12,""
2,8136,"v_mfma_f32_16x16x32_bf16 v[40:43], v[86:89], v[94:97], v[40:43]",89408,1545588,1168128,0,""
2,8144,"v_mfma_f32_16x16x32_bf16 v[44:47], v[86:89], v[98:101], v[44:47]",89408,1550772,1184360,0,""
2,8152,"s_waitcnt lgkmcnt(1)",89408,1445160,1445160,0,""
2,8156,"v_mfma_f32_16x16x32_bf16 v[48:51], v[74:77], v[82:85], v[48:51]",89408,1059724,675560,0,""
2,8164,"v_mfma_f32_16x16x32_bf16 v[52:55], v[74:77], v[90:93], v[52:55]",89408,1651016,1263904,0,""
2,8172,"v_mfma_f32_16x16x32_bf16 v[56:59], v[74:77], v[94:97], v[56:59]",89408,1596300,1206836,0,""
2,8180,"v_mfma_f32_16x16x32_bf16 v[60:63], v[74:77], v[98:101], v[60:63]",89408,1474064,1116432,0,""
2,8188,"s_waitcnt lgkmcnt(0)",89408,357632,357632,0,""
2,8192,"v_mfma_f32_16x16x32_bf16 v[16:19], v[78:81], v[82:85], v[16:19]",89408,1144916,751396,16156,""
2,8200,"v_mfma_f32_16x16x32_bf16 v[4:7], v[78:81], v[90:93], v[4:7]",89408,1470820,1074988,0,""
2,8208,"v_mfma_f32_16x16x32_bf16 v[8:11], v[78:81], v[94:97], v[8:11]",89408,1566968,1169276,0,""
2,8216,"v_mfma_f32_16x16x32_bf16 v[12:15], v[78:81], v[98:101], v[12:15]",89408,1425220,1067520,0,""
2,8224,"s_cbranch_scc1 65431",89408,385712,992,0,""
2,8228,"v_add_u32_e32 v67, v71, v70",704,2860,0,0,""
2,8232,"s_waitcnt vmcnt(0)",704,187880,187880,0,""
2,8236,"s_barrier",704,31012,31012,0,""
2,8240,"ds_read_b128 v[74:77], v67 offset:24576",704,6588,3704,0,""
2,8248,"ds_read_b128 v[78:81], v67 offset:25600",704,10340,7452,0,""
2,8256,"ds_read_b128 v[82:85], v67 offset:26624",704,10856,7988,0,""
2,8264,"ds_read_b128 v[86:89], v67 offset:27648",704,11124,8304,0,""
2,8272,"v_add_u32_e32 v67, v69, v71",704,3660,796,0,""
2,8276,"ds_read_b128 v[90:93], v67 offset:8192",704,9292,6452,5584,""
2,8284,"ds_read_b128 v[94:97], v67 offset:9216",704,15632,12800,0,""
2,8292,"ds_read_b128 v[98:101], v67 offset:10240",704,19624,16792,0,""
2,8300,"ds_read_b128 v[102:105], v67 offset:11264",704,18768,15912,0,""
2,8308,"s_waitcnt lgkmcnt(3)",704,46944,46944,0,""
2,8312,"v_mfma_f32_16x16x32_bf16 v[0:3], v[74:77], v[90:93], v[0:3]",704,5528,2712,0,""
2,8320,"s_movk_i32 s2, 0x7fff",704,2828,0,0,""
2,8324,"v_mov_b32_e32 v67, 0x7fc0",704,7464,4648,0,""
2,8332,"s_and_b32 s0, s0, 0x3e0",704,2852,0,0,""
2,8340,"s_waitcnt lgkmcnt(2)",704,6448,6448,0,""
2,8344,"v_mfma_f32_16x16x32_bf16 v[36:39], v[74:77], v[94:97], v[36:39]",704,7268,4452,0,""
2,8352,"s_and_b32 s13, s13, 0xffff",704,2844,0,0,""
2,8360,"s_nop 1",704,5604,5604,0,""
2,8364,"v_bfe_u32 v68, v0, 16, 1",704,7232,4412,0,""
2,8372,"v_add3_u32 v68, v0, v68, s2",704,4968,2132,0,""
2,8380,"v_cmp_o_f32_e32 vcc, v0, v0",704,5508,2688,0,""
2,8384,"v_bfe_u32 v0, v1, 16, 1",704,3228,384,0,""
2,8392,"v_lshrrev_b32_e32 v68, 16, v68",704,4304,1488,0,""
2,8396,"v_add3_u32 v0, v1, v0, s2",704,4568,1744,0,""
2,8404,"v_cndmask_b32_e32 v72, v67, v68, vcc",704,3772,956,0,""
2,8408,"v_lshrrev_b32_e32 v0, 16, v0",704,3128,304,0,""
2,8412,"v_cmp_o_f32_e32 vcc, v1, v1",704,3940,1124,0,""
2,8416,"s_waitcnt lgkmcnt(1)",704,2816,2816,0,""
2,8420,"v_mfma_f32_16x16x32_bf16 v[24:27], v[74:77], v[98:101], v[24:27]",704,3528,680,0,""
2,8428,"s_mov_b32 s15, 0x27000",704,2820,0,5268,""
2,8436,"v_cndmask_b32_e32 v73, v67, v0, vcc",704,5328,2512,0,""
2,8440,"v_bfe_u32 v0, v2, 16, 1",704,2936,108,0,""
2,8448,"v_add3_u32 v0, v2, v0, s2",704,4124,1304,0,""
2,8456,"v_lshrrev_b32_e32 v0, 16, v0",704,2948,116,0,""
2,8460,"v_cmp_o_f32_e32 vcc, v2, v2",704,4224,1408,0,""
2,8464,"s_waitcnt lgkmcnt(0)",704,2816,2816,0,""
2,8468,"v_mfma_f32_16x16x32_bf16 v[28:31], v[74:77], v[102:105], v[28:31]",704,3080,228,0,""
2,8476,"s_brev_b32 s14, 64",704,2836,0,5444,""
2,8480,"v_cndmask_b32_e32 v74, v67, v0, vcc",704,4684,1860,0,""
2,8484,"v_bfe_u32 v0, v3, 16, 1",704,2880,60,0,""
2,8492,"v_add3_u32 v0, v3, v0, s2",704,4316,1496,0,""
2,8500,"v_lshrrev_b32_e32 v0, 16, v0",704,2960,132,0,""
2,8504,"v_cmp_o_f32_e32 vcc, v3, v3",704,4396,1564,0,""
2,8508,"v_mfma_f32_16x16x32_bf16 v[68:71], v[86:89], v[90:93], v[16:19]",704,3588,772,0,""
2,8516,"s_nop 0",704,2816,2816,0,""
2,8520,"v_cndmask_b32_e32 v75, v67, v0, vcc",704,2816,0,0,""
2,8524,"v_bfe_u32 v0, v36, 16, 1",704,2824,0,0,""
2,8532,"v_add3_u32 v0, v36, v0, s2",704,4876,2056,0,""
2,8540,"v_lshrrev_b32_e32 v0, 16, v0",704,3104,268,0,""
2,8544,"v_cmp_o_f32_e32 vcc, v36, v36",704,4380,1548,0,""
2,8548,"v_mfma_f32_16x16x32_bf16 v[16:19], v[86:89], v[94:97], v[4:7]",704,3584,768,0,""
2,8556,"s_nop 0",704,2816,2816,0,""
2,8560,"v_cndmask_b32_e32 v36, v67, v0, vcc",704,2816,0,0,""
2,8564,"v_bfe_u32 v0, v37, 16, 1",704,2816,0,0,""
2,8572,"v_mfma_f32_16x16x32_bf16 v[4:7], v[86:89], v[98:101], v[8:11]",704,2820,0,0,""
2,8580,"v_add3_u32 v0, v37, v0, s2",704,5636,2820,0,""
2,8588,"v_cmp_o_f32_e32 vcc, v37, v37",704,2824,8,0,""
2,8592,"s_nop 0",704,2816,2816,0,""
2,8596,"v_bfe_u32 v9, v38, 16, 1",704,4196,1380,0,""
2,8604,"v_lshrrev_b32_e32 v8, 16, v0",704,2872,56,0,""
2,8608,"v_add3_u32 v9, v38, v9, s2",704,4908,2092,0,""
2,8616,"v_bfe_u32 v10, v39, 16, 1",704,3184,368,0,""
2,8624,"v_cndmask_b32_e32 v8, v67, v8, vcc",704,4576,1760,0,""
2,8628,"v_lshrrev_b32_e32 v9, 16, v9",704,3008,192,0,""
2,8632,"v_cmp_o_f32_e32 vcc, v38, v38",704,4704,1888,0,""
2,8636,"v_add3_u32 v10, v39, v10, s2",704,3108,288,0,""
2,8644,"v_bfe_u32 v11, v24, 16, 1",704,4592,1772,0,""
2,8652,"v_mfma_f32_16x16x32_bf16 v[0:3], v[86:89], v[102:105], v[12:15]",704,3708,884,0,""
2,8660,"v_cndmask_b32_e32 v9, v67, v9, vcc",704,5624,2808,0,""
2,8664,"v_lshrrev_b32_e32 v10, 16, v10",704,2820,0,0,""
2,8668,"v_cmp_o_f32_e32 vcc, v39, v39",704,5460,2644,0,""
2,8672,"v_add3_u32 v11, v24, v11, s2",704,2876,60,0,""
2,8680,"v_bfe_u32 v12, v25, 16, 1",704,5044,2228,0,""
2,8688,"v_cndmask_b32_e32 v10, v67, v10, vcc",704,3016,200,0,""
2,8692,"v_lshrrev_b32_e32 v11, 16, v11",704,5092,2272,0,""
2,8696,"v_cmp_o_f32_e32 vcc, v24, v24",704,3028,212,0,""
2,8700,"v_add3_u32 v12, v25, v12, s2",704,4908,2092,0,""
2,8708,"v_bfe_u32 v13, v26, 16, 1",704,3068,248,0,""
2,8716,"v_cndmask_b32_e32 v11, v67, v11, vcc",704,4932,2116,0,""
2,8720,"v_lshrrev_b32_e32 v12, 16, v12",704,3120,304,0,""
2,8724,"v_cmp_o_f32_e32 vcc, v25, v25",704,4896,2080,0,""
2,8728,"v_add3_u32 v13, v26, v13, s2",704,3120,304,0,""
2,8736,"v_bfe_u32 v14, v27, 16, 1",704,4800,1976,0,""
2,8744,"v_mfma_f32_16x16x32_bf16 v[32:35], v[78:81], v[90:93], v[32:35]",704,3816,980,0,""
2,8752,"v_cndmask_b32_e32 v12, v67, v12, vcc",704,5612,2796,0,""
2,8756,"v_lshrrev_b32_e32 v13, 16, v13",704,2828,0,0,""
2,8760,"v_cmp_o_f32_e32 vcc, v26, v26",704,5588,2772,0,""
2,8764,"v_add3_u32 v14, v27, v14, s2",704,2896,72,0,""
2,8772,"v_bfe_u32 v15, v28, 16, 1",704,5008,2192,0,""
2,8780,"v_cndmask_b32_e32 v13, v67, v13, vcc",704,3004,184,0,""
2,8784,"v_lshrrev_b32_e32 v14, 16, v14",704,4748,1932,0,""
2,8788,"v_cmp_o_f32_e32 vcc, v27, v27",704,3036,216,0,""
2,8792,"v_add3_u32 v15, v28, v15, s2",704,4668,1852,0,""
2,8800,"v_bfe_u32 v24, v29, 16, 1",704,3088,272,0,""
2,8808,"v_cndmask_b32_e32 v14, v67, v14, vcc",704,4488,1672,0,""
2,8812,"v_lshrrev_b32_e32 v15, 16, v15",704,3112,296,0,""
2,8816,"v_cmp_o_f32_e32 vcc, v28, v28",704,4344,1528,0,""
2,8820,"v_add3_u32 v24, v29, v24, s2",704,3160,344,0,""
2,8828,"v_bfe_u32 v25, v30, 16, 1",704,4312,1496,0,""
2,8836,"v_cndmask_b32_e32 v15, v67, v15, vcc",704,3320,504,0,""
2,8840,"v_lshrrev_b32_e32 v24, 16, v24",704,4136,1320,0,""
2,8844,"v_cmp_o_f32_e32 vcc, v29, v29",704,3208,392,0,""
2,8848,"v_add3_u32 v25, v30, v25, s2",704,4120,1304,0,""
2,8856,"v_bfe_u32 v26, v31, 16, 1",704,3248,432,0,""
2,8864,"v_mfma_f32_16x16x32_bf16 v[20:23], v[78:81], v[94:97], v[20:23]",704,3032,216,0,""
2,8872,"v_cndmask_b32_e32 v24, v67, v24, vcc",704,5632,2816,0,""
2,8876,"v_lshrrev_b32_e32 v25, 16, v25",704,2816,0,0,""
2,8880,"v_cmp_o_f32_e32 vcc, v30, v30",704,5040,2224,0,""
2,8884,"v_add3_u32 v26, v31, v26, s2",704,2840,24,0,""
2,8892,"v_bfe_u32 v27, v32, 16, 1",704,4752,1936,0,""
2,8900,"v_cndmask_b32_e32 v25, v67, v25, vcc",704,2928,112,0,""
2,8904,"v_lshrrev_b32_e32 v26, 16, v26",704,4712,1896,0,""
2,8908,"v_cmp_o_f32_e32 vcc, v31, v31",704,2912,96,0,""
2,8912,"v_add3_u32 v27, v32, v27, s2",704,4600,1784,0,""
2,8920,"v_bfe_u32 v28, v33, 16, 1",704,2944,128,0,""
2,8928,"v_cndmask_b32_e32 v26, v67, v26, vcc",704,4424,1608,0,""
2,8932,"v_lshrrev_b32_e32 v27, 16, v27",704,2944,128,0,""
2,8936,"v_cmp_o_f32_e32 vcc, v32, v32",704,4376,1560,0,""
2,8940,"v_add3_u32 v28, v33, v28, s2",704,3000,184,0,""
2,8948,"v_bfe_u32 v29, v34, 16, 1",704,4256,1440,0,""
2,8956,"v_cndmask_b32_e32 v27, v67, v27, vcc",704,2992,176,0,""
2,8960,"v_lshrrev_b32_e32 v28, 16, v28",704,4192,1376,0,""
2,8964,"v_cmp_o_f32_e32 vcc, v33, v33",704,2976,160,0,""
2,8968,"v_add3_u32 v29, v34, v29, s2",704,4056,1240,0,""
2,8976,"v_bfe_u32 v30, v35, 16, 1",704,3064,248,0,""
2,8984,"v_cndmask_b32_e32 v28, v67, v28, vcc",704,3936,1120,0,""
2,8988,"v_lshrrev_b32_e32 v29, 16, v29",704,3072,256,0,""
2,8992,"v_cmp_o_f32_e32 vcc, v34, v34",704,3832,1016,0,""
2,8996,"v_add3_u32 v30, v35, v30, s2",704,3064,248,0,""
2,9004,"v_bfe_u32 v31, v20, 16, 1",704,3728,912,0,""
2,9012,"v_cndmask_b32_e32 v29, v67, v29, vcc",704,3064,248,0,""
2,9016,"v_lshrrev_b32_e32 v30, 16, v30",704,3616,800,0,""
2,9020,"v_cmp_o_f32_e32 vcc, v35, v35",704,3096,280,0,""
2,9024,"v_add3_u32 v31, v20, v31, s2",704,3356,540,0,""
2,9032,"v_lshrrev_b32_e32 v31, 16, v31",704,3048,232,0,""
2,9036,"v_cndmask_b32_e32 v30, v67, v30, vcc",704,3272,456,0,""
2,9040,"v_cmp_o_f32_e32 vcc, v20, v20",704,3048,232,0,""
2,9044,"v_mfma_f32_16x16x32_bf16 v[40:43], v[78:81], v[98:101], v[40:43]",704,2932,116,0,""
2,9052,"s_nop 0",704,2816,2816,0,""
2,9056,"v_cndmask_b32_e32 v20, v67, v31, vcc",704,2816,0,0,""
2,9060,"v_bfe_u32 v31, v21, 16, 1",704,2816,0,0,""
2,9068,"v_add3_u32 v31, v21, v31, s2",704,3560,744,0,""
2,9076,"v_lshrrev_b32_e32 v31, 16, v31",704,2832,16,0,""
2,9080,"v_cmp_o_f32_e32 vcc, v21, v21",704,3448,632,0,""
2,9084,"v_mfma_f32_16x16x32_bf16 v[44:47], v[78:81], v[102:105], v[44:47]",704,3132,316,0,""
2,9092,"s_nop 0",704,2816,2816,0,""
2,9096,"v_bfe_u32 v32, v41, 16, 1",704,2816,0,0,""
2,9104,"v_cndmask_b32_e32 v21, v67, v31, vcc",704,2816,0,0,""
2,9108,"v_bfe_u32 v31, v22, 16, 1",704,3504,688,0,""
2,9116,"v_add3_u32 v31, v22, v31, s2",704,2864,48,4,""
2,9124,"v_lshrrev_b32_e32 v31, 16, v31",704,3288,472,0,""
2,9128,"v_cmp_o_f32_e32 vcc, v22, v22",704,2864,48,0,""
2,9132,"v_add3_u32 v32, v41, v32, s2",704,3216,400,0,""
2,9140,"v_bfe_u32 v33, v42, 16, 1",704,2928,112,0,""
2,9148,"v_cndmask_b32_e32 v22, v67, v31, vcc",704,3240,424,0,""
2,9152,"v_bfe_u32 v31, v23, 16, 1",704,2904,88,0,""
2,9160,"v_add3_u32 v31, v23, v31, s2",704,3168,352,0,""
2,9168,"v_lshrrev_b32_e32 v31, 16, v31",704,2872,56,0,""
2,9172,"v_cmp_o_f32_e32 vcc, v23, v23",704,3152,336,0,""
2,9176,"v_lshrrev_b32_e32 v32, 16, v32",704,2896,80,0,""
2,9180,"v_add3_u32 v33, v42, v33, s2",704,3144,328,0,""
2,9188,"v_cndmask_b32_e32 v23, v67, v31, vcc",704,2936,120,0,""
2,9192,"v_bfe_u32 v31, v40, 16, 1",704,3128,312,0,""
2,9200,"v_add3_u32 v31, v40, v31, s2",704,2928,112,0,""
2,9208,"v_lshrrev_b32_e32 v31, 16, v31",704,3144,328,0,""
2,9212,"v_cmp_o_f32_e32 vcc, v40, v40",704,2960,144,0,""
2,9216,"v_bfe_u32 v34, v43, 16, 1",704,3080,264,0,""
2,9224,"v_mfma_f32_16x16x32_bf16 v[48:51], v[82:85], v[90:93], v[48:51]",704,2948,132,0,""
2,9232,"v_cndmask_b32_e32 v31, v67, v31, vcc",704,5632,2816,0,""
2,9236,"v_cmp_o_f32_e32 vcc, v41, v41",704,2816,0,0,""
2,9240,"v_lshrrev_b32_e32 v33, 16, v33",704,3432,616,0,""
2,9244,"v_add3_u32 v34, v43, v34, s2",704,2832,16,0,""
2,9252,"v_cndmask_b32_e32 v32, v67, v32, vcc",704,3344,528,0,""
2,9256,"v_cmp_o_f32_e32 vcc, v42, v42",704,2856,40,0,""
2,9260,"v_bfe_u32 v35, v44, 16, 1",704,3304,488,0,""
2,9268,"v_lshrrev_b32_e32 v34, 16, v34",704,2856,40,0,""
2,9272,"v_cndmask_b32_e32 v33, v67, v33, vcc",704,3232,416,0,""
2,9276,"v_cmp_o_f32_e32 vcc, v43, v43",704,2864,48,0,""
2,9280,"v_add3_u32 v35, v44, v35, s2",704,3304,488,0,""
2,9288,"v_bfe_u32 v37, v45, 16, 1",704,2888,72,0,""
2,9296,"v_cndmask_b32_e32 v34, v67, v34, vcc",704,3304,488,0,""
2,9300,"v_lshrrev_b32_e32 v35, 16, v35",704,2896,80,0,""
2,9304,"v_cmp_o_f32_e32 vcc, v44, v44",704,3272,456,0,""
2,9308,"v_add3_u32 v37, v45, v37, s2",704,2912,96,0,""
2,9316,"v_bfe_u32 v38, v46, 16, 1",704,3296,480,0,""
2,9324,"v_cndmask_b32_e32 v35, v67, v35, vcc",704,2920,104,0,""
2,9328,"v_lshrrev_b32_e32 v37, 16, v37",704,3288,472,0,""
2,9332,"v_cmp_o_f32_e32 vcc, v45, v45",704,2912,96,0,""
2,9336,"v_add3_u32 v38, v46, v38, s2",704,3216,400,0,""
2,9344,"v_bfe_u32 v39, v47, 16, 1",704,2944,128,0,""
2,9352,"v_mfma_f32_16x16x32_bf16 v[52:55], v[82:85], v[94:97], v[52:55]",704,2880,64,0,""
2,9360,"v_cndmask_b32_e32 v37, v67, v37, vcc",704,5632,2816,0,""
2,9364,"v_lshrrev_b32_e32 v38, 16, v38",704,2816,0,0,""
2,9368,"v_cmp_o_f32_e32 vcc, v46, v46",704,3408,592,0,""
2,9372,"v_add3_u32 v39, v47, v39, s2",704,2816,0,0,""
2,9380,"v_bfe_u32 v40, v48, 16, 1",704,3328,512,0,""
2,9388,"v_cndmask_b32_e32 v38, v67, v38, vcc",704,2848,32,0,""
2,9392,"v_lshrrev_b32_e32 v39, 16, v39",704,3264,448,0,""
2,9396,"v_cmp_o_f32_e32 vcc, v47, v47",704,2848,32,0,""
2,9400,"v_add3_u32 v40, v48, v40, s2",704,3208,392,0,""
2,9408,"v_bfe_u32 v41, v49, 16, 1",704,2856,40,0,""
2,9416,"v_cndmask_b32_e32 v39, v67, v39, vcc",704,3208,392,0,""
2,9420,"v_lshrrev_b32_e32 v40, 16, v40",704,2864,48,0,""
2,9424,"v_cmp_o_f32_e32 vcc, v48, v48",704,3136,320,0,""
2,9428,"v_add3_u32 v41, v49, v41, s2",704,2872,56,0,""
2,9436,"v_bfe_u32 v42, v50, 16, 1",704,3120,304,0,""
2,9444,"v_cndmask_b32_e32 v40, v67, v40, vcc",704,2872,56,0,""
2,9448,"v_lshrrev_b32_e32 v41, 16, v41",704,3048,232,0,""
2,9452,"v_cmp_o_f32_e32 vcc, v49, v49",704,2872,56,0,""
2,9456,"v_add3_u32 v42, v50, v42, s2",704,3008,192,0,""
2,9464,"v_bfe_u32 v43, v51, 16, 1",704,2872,56,0,""
2,9472,"v_mfma_f32_16x16x32_bf16 v[56:59], v[82:85], v[98:101], v[56:59]",704,2844,28,0,""
2,9480,"v_cndmask_b32_e32 v41, v67, v41, vcc",704,5632,2816,0,""
2,9484,"v_lshrrev_b32_e32 v42, 16, v42",704,2816,0,0,""
2,9488,"v_cmp_o_f32_e32 vcc, v50, v50",704,3048,232,0,""
2,9492,"v_add3_u32 v43, v51, v43, s2",704,2816,0,0,""
2,9500,"v_bfe_u32 v44, v52, 16, 1",704,3024,208,0,""
2,9508,"v_cndmask_b32_e32 v42, v67, v42, vcc",704,2824,8,0,""
2,9512,"v_lshrrev_b32_e32 v43, 16, v43",704,2984,168,0,""
2,9516,"v_cmp_o_f32_e32 vcc, v51, v51",704,2816,0,0,""
2,9520,"v_add3_u32 v44, v52, v44, s2",704,2968,152,0,""
2,9528,"v_bfe_u32 v45, v53, 16, 1",704,2816,0,0,""
2,9536,"v_cndmask_b32_e32 v43, v67, v43, vcc",704,2912,96,0,""
2,9540,"v_lshrrev_b32_e32 v44, 16, v44",704,2824,8,0,""
2,9544,"v_cmp_o_f32_e32 vcc, v52, v52",704,2896,80,0,""
2,9548,"v_add3_u32 v45, v53, v45, s2",704,2816,0,0,""
2,9556,"v_bfe_u32 v46, v54, 16, 1",704,2872,56,0,""
2,9564,"v_cndmask_b32_e32 v44, v67, v44, vcc",704,2816,0,0,""
2,9568,"v_lshrrev_b32_e32 v45, 16, v45",704,2856,40,0,""
2,9572,"v_cmp_o_f32_e32 vcc, v53, v53",704,2816,0,0,""
2,9576,"v_add3_u32 v46, v54, v46, s2",704,2856,40,0,""
2,9584,"v_bfe_u32 v47, v55, 16, 1",704,2824,8,0,""
2,9592,"v_mfma_f32_16x16x32_bf16 v[60:63], v[82:85], v[102:105], v[60:63]",704,2820,4,0,""
2,9600,"v_cndmask_b32_e32 v45, v67, v45, vcc",704,5632,2816,0,""
2,9604,"v_lshrrev_b32_e32 v46, 16, v46",704,2816,0,0,""
2,9608,"v_cmp_o_f32_e32 vcc, v54, v54",704,2856,40,0,""
2,9612,"v_add3_u32 v47, v55, v47, s2",704,2824,8,0,""
2,9620,"v_bfe_u32 v48, v56, 16, 1",704,2840,24,0,""
2,9628,"v_cndmask_b32_e32 v46, v67, v46, vcc",704,2816,0,0,""
2,9632,"v_lshrrev_b32_e32 v47, 16, v47",704,2824,8,0,""
2,9636,"v_cmp_o_f32_e32 vcc, v55, v55",704,2816,0,0,""
2,9640,"v_add3_u32 v48, v56, v48, s2",704,2840,24,0,""
2,9648,"v_bfe_u32 v49, v57, 16, 1",704,2832,16,0,""
2,9656,"v_cndmask_b32_e32 v47, v67, v47, vcc",704,2840,24,0,""
2,9660,"v_lshrrev_b32_e32 v48, 16, v48",704,2824,8,0,""
2,9664,"v_cmp_o_f32_e32 vcc, v56, v56",704,2832,16,0,""
2,9668,"v_add3_u32 v49, v57, v49, s2",704,2824,8,0,""
2,9676,"v_bfe_u32 v50, v58, 16, 1",704,2824,8,0,""
2,9684,"v_cndmask_b32_e32 v48, v67, v48, vcc",704,2824,8,0,""
2,9688,"v_lshrrev_b32_e32 v49, 16, v49",704,2840,24,0,""
2,9692,"v_cmp_o_f32_e32 vcc, v57, v57",704,2824,8,0,""
2,9696,"v_add3_u32 v50, v58, v50, s2",704,2832,16,0,""
2,9704,"v_bfe_u32 v51, v59, 16, 1",704,2824,8,0,""
2,9712,"v_cndmask_b32_e32 v49, v67, v49, vcc",704,2832,16,0,""
2,9716,"v_lshrrev_b32_e32 v50, 16, v50",704,2824,8,0,""
2,9720,"v_cmp_o_f32_e32 vcc, v58, v58",704,2848,32,0,""
2,9724,"v_add3_u32 v51, v59, v51, s2",704,2832,16,0,""
2,9732,"v_bfe_u32 v52, v60, 16, 1",704,2840,24,0,""
2,9740,"v_cndmask_b32_e32 v50, v67, v50, vcc",704,2832,16,0,""
2,9744,"v_lshrrev_b32_e32 v51, 16, v51",704,2832,16,0,""
2,9748,"v_cmp_o_f32_e32 vcc, v59, v59",704,2824,8,0,""
2,9752,"v_add3_u32 v52, v60, v52, s2",704,2848,32,0,""
2,9760,"v_bfe_u32 v53, v61, 16, 1",704,2832,16,0,""
2,9768,"v_cndmask_b32_e32 v51, v67, v51, vcc",704,2840,24,0,""
2,9772,"v_lshrrev_b32_e32 v52, 16, v52",704,2832,16,0,""
2,9776,"v_cmp_o_f32_e32 vcc, v60, v60",704,2840,24,0,""
2,9780,"v_add3_u32 v53, v61, v53, s2",704,2824,8,0,""
2,9788,"v_bfe_u32 v54, v62, 16, 1",704,2840,24,0,""
2,9796,"v_cndmask_b32_e32 v52, v67, v52, vcc",704,2832,16,0,""
2,9800,"v_lshrrev_b32_e32 v53, 16, v53",704,2840,24,0,""
2,9804,"v_cmp_o_f32_e32 vcc, v61, v61",704,2840,24,0,""
2,9808,"v_add3_u32 v54, v62, v54, s2",704,2848,32,0,""
2,9816,"v_bfe_u32 v55, v63, 16, 1",704,2832,16,0,""
2,9824,"v_cndmask_b32_e32 v53, v67, v53, vcc",704,2840,24,0,""
2,9828,"v_lshrrev_b32_e32 v54, 16, v54",704,2832,16,0,""
2,9832,"v_cmp_o_f32_e32 vcc, v62, v62",704,2832,16,0,""
2,9836,"v_add3_u32 v55, v63, v55, s2",704,2832,16,0,""
2,9844,"v_bfe_u32 v56, v68, 16, 1",704,2840,24,0,""
2,9852,"v_cndmask_b32_e32 v54, v67, v54, vcc",704,2832,16,0,""
2,9856,"v_lshrrev_b32_e32 v55, 16, v55",704,2832,16,0,""
2,9860,"v_cmp_o_f32_e32 vcc, v63, v63",704,2832,16,0,""
2,9864,"v_add3_u32 v56, v68, v56, s2",704,2832,16,0,""
2,9872,"v_bfe_u32 v57, v69, 16, 1",704,2832,16,0,""
2,9880,"v_cndmask_b32_e32 v55, v67, v55, vcc",704,2840,24,0,""
2,9884,"v_lshrrev_b32_e32 v56, 16, v56",704,2832,16,0,""
2,9888,"v_cmp_o_f32_e32 vcc, v68, v68",704,2840,24,0,""
2,9892,"v_add3_u32 v57, v69, v57, s2",704,2832,16,0,""
2,9900,"v_bfe_u32 v58, v70, 16, 1",704,2832,16,0,""
2,9908,"v_cndmask_b32_e32 v56, v67, v56, vcc",704,2832,16,0,""
2,9912,"v_lshrrev_b32_e32 v57, 16, v57",704,2832,16,0,""
2,9916,"v_cmp_o_f32_e32 vcc, v69, v69",704,2832,16,0,""
2,9920,"v_add3_u32 v58, v70, v58, s2",704,2832,16,0,""
2,9928,"v_bfe_u32 v59, v71, 16, 1",704,2832,16,0,""
2,9936,"v_cndmask_b32_e32 v57, v67, v57, vcc",704,2816,0,0,""
2,9940,"v_lshrrev_b32_e32 v58, 16, v58",704,2824,8,0,""
2,9944,"v_cmp_o_f32_e32 vcc, v70, v70",704,2824,8,0,""
2,9948,"v_add3_u32 v59, v71, v59, s2",704,2816,0,0,""
2,9956,"v_bfe_u32 v60, v16, 16, 1",704,2824,8,0,""
2,9964,"v_cndmask_b32_e32 v58, v67, v58, vcc",704,2816,0,0,""
2,9968,"v_lshrrev_b32_e32 v59, 16, v59",704,2824,8,0,""
2,9972,"v_cmp_o_f32_e32 vcc, v71, v71",704,2816,0,0,""
2,9976,"v_add3_u32 v60, v16, v60, s2",704,2824,8,0,""
2,9984,"v_lshrrev_b32_e32 v60, 16, v60",704,2816,0,0,""
2,9988,"v_cndmask_b32_e32 v59, v67, v59, vcc",704,2824,8,0,""
2,9992,"v_cmp_o_f32_e32 vcc, v16, v16",704,2816,0,0,""
2,9996,"v_lshlrev_b32_e32 v62, 13, v65",704,2824,8,0,""
2,10000,"v_or_b32_e32 v61, s1, v66",704,2816,0,0,""
2,10004,"v_cndmask_b32_e32 v16, v67, v60, vcc",704,2824,8,0,""
2,10008,"v_bfe_u32 v60, v17, 16, 1",704,2816,0,0,""
2,10016,"v_add3_u32 v60, v17, v60, s2",704,2824,8,0,""
2,10024,"v_lshrrev_b32_e32 v60, 16, v60",704,2816,0,0,""
2,10028,"v_cmp_o_f32_e32 vcc, v17, v17",704,2816,0,0,""
2,10032,"s_nop 1",704,5632,5632,0,""
2,10036,"v_cndmask_b32_e32 v17, v67, v60, vcc",704,2816,0,0,""
2,10040,"v_bfe_u32 v60, v18, 16, 1",704,2816,0,0,""
2,10048,"v_add3_u32 v60, v18, v60, s2",704,2816,0,0,""
2,10056,"v_lshrrev_b32_e32 v60, 16, v60",704,2816,0,0,""
2,10060,"v_cmp_o_f32_e32 vcc, v18, v18",704,2816,0,0,""
2,10064,"s_nop 1",704,5632,5632,0,""
2,10068,"v_cndmask_b32_e32 v18, v67, v60, vcc",704,2816,0,0,""
2,10072,"v_bfe_u32 v60, v19, 16, 1",704,2816,0,0,""
2,10080,"v_add3_u32 v60, v19, v60, s2",704,2816,0,0,""
2,10088,"v_lshrrev_b32_e32 v60, 16, v60",704,2816,0,0,""
2,10092,"v_cmp_o_f32_e32 vcc, v19, v19",704,2816,0,0,""
2,10096,"s_nop 1",704,5632,5632,0,""
2,10100,"v_cndmask_b32_e32 v19, v67, v60, vcc",704,2816,0,0,""
2,10104,"v_bfe_u32 v60, v4, 16, 1",704,2816,0,0,""
2,10112,"v_add3_u32 v60, v4, v60, s2",704,2816,0,0,""
2,10120,"v_lshrrev_b32_e32 v60, 16, v60",704,2816,0,0,""
2,10124,"v_cmp_o_f32_e32 vcc, v4, v4",704,2824,8,0,""
2,10128,"s_nop 1",704,5632,5632,0,""
2,10132,"v_cndmask_b32_e32 v4, v67, v60, vcc",704,2832,16,0,""
2,10136,"v_bfe_u32 v60, v5, 16, 1",704,2816,0,0,""
2,10144,"v_add3_u32 v60, v5, v60, s2",704,2824,8,0,""
2,10152,"v_lshrrev_b32_e32 v60, 16, v60",704,2816,0,0,""
2,10156,"v_cmp_o_f32_e32 vcc, v5, v5",704,2832,16,0,""
2,10160,"s_nop 1",704,5632,5632,0,""
2,10164,"v_cndmask_b32_e32 v5, v67, v60, vcc",704,2820,4,0,""
2,10168,"v_bfe_u32 v60, v6, 16, 1",704,2824,8,0,""
2,10176,"v_add3_u32 v60, v6, v60, s2",704,2832,16,0,""
2,10184,"v_lshrrev_b32_e32 v60, 16, v60",704,2832,16,0,""
2,10188,"v_cmp_o_f32_e32 vcc, v6, v6",704,2840,24,0,""
2,10192,"s_nop 1",704,5632,5632,0,""
2,10196,"v_cndmask_b32_e32 v6, v67, v60, vcc",704,2840,24,0,""
2,10200,"v_bfe_u32 v60, v7, 16, 1",704,2832,16,0,""
2,10208,"v_add3_u32 v60, v7, v60, s2",704,2848,32,0,""
2,10216,"v_lshrrev_b32_e32 v60, 16, v60",704,2848,32,0,""
2,10220,"v_cmp_o_f32_e32 vcc, v7, v7",704,2840,24,0,""
2,10224,"s_nop 1",704,5632,5632,0,""
2,10228,"v_cndmask_b32_e32 v7, v67, v60, vcc",704,2944,128,0,""
2,10232,"v_bfe_u32 v60, v0, 16, 1",704,2888,72,0,""
2,10240,"v_add3_u32 v60, v0, v60, s2",704,2892,76,0,""
2,10248,"v_lshrrev_b32_e32 v60, 16, v60",704,2864,48,0,""
2,10252,"v_cmp_o_f32_e32 vcc, v0, v0",704,2876,40,0,""
2,10256,"s_nop 1",704,5612,5612,0,""
2,10260,"v_cndmask_b32_e32 v0, v67, v60, vcc",704,2972,156,0,""
2,10264,"v_bfe_u32 v60, v1, 16, 1",704,2856,40,0,""
2,10272,"v_add3_u32 v60, v1, v60, s2",704,2940,124,0,""
2,10280,"v_lshrrev_b32_e32 v60, 16, v60",704,2872,56,0,""
2,10284,"v_cmp_o_f32_e32 vcc, v1, v1",704,2916,96,0,""
2,10288,"s_nop 1",704,5628,5628,0,""
2,10292,"v_cndmask_b32_e32 v1, v67, v60, vcc",704,3124,304,0,""
2,10296,"v_bfe_u32 v60, v2, 16, 1",704,2928,112,0,""
2,10304,"v_add3_u32 v60, v2, v60, s2",704,3052,236,0,""
2,10312,"v_lshrrev_b32_e32 v60, 16, v60",704,2844,24,0,""
2,10316,"v_cmp_o_f32_e32 vcc, v2, v2",704,2976,148,0,""
2,10320,"s_nop 1",704,5620,5620,0,""
2,10324,"v_cndmask_b32_e32 v2, v67, v60, vcc",704,3240,424,0,""
2,10328,"v_bfe_u32 v60, v3, 16, 1",704,2940,120,0,""
2,10336,"v_add3_u32 v60, v3, v60, s2",704,3116,300,0,""
2,10344,"v_lshrrev_b32_e32 v60, 16, v60",704,2892,72,0,""
2,10348,"v_cmp_o_f32_e32 vcc, v3, v3",704,3108,276,0,""
2,10352,"s_nop 1",704,5616,5616,0,""
2,10356,"v_cndmask_b32_e32 v3, v67, v60, vcc",704,3184,368,0,""
2,10360,"v_or_b32_e32 v60, s0, v64",704,2896,72,0,""
2,10364,"v_lshl_add_u32 v60, v60, 15, v62",704,3344,528,0,""
2,10372,"v_lshl_or_b32 v60, v61, 1, v60",704,2960,104,0,""
2,10380,"buffer_store_short v72, v60, s[12:15], 0 offen",704,45756,42684,5592,""
2,10388,"buffer_store_short v36, v60, s[12:15], 0 offen offset:32",704,5796,2700,0,""
2,10396,"buffer_store_short v11, v60, s[12:15], 0 offen offset:64",704,7096,3976,0,""
2,10404,"buffer_store_short v15, v60, s[12:15], 0 offen offset:96",704,7312,4436,0,""
2,10412,"v_add_u32_e32 v11, 0x2000, v60",704,4400,1128,0,""
2,10420,"buffer_store_short v73, v11, s[12:15], 0 offen",704,75924,72924,5176,""
2,10428,"buffer_store_short v8, v11, s[12:15], 0 offen offset:32",704,5684,2704,0,""
2,10436,"buffer_store_short v12, v11, s[12:15], 0 offen offset:64",704,6288,3240,0,""
2,10444,"buffer_store_short v24, v11, s[12:15], 0 offen offset:96",704,11292,8384,0,""
2,10452,"v_add_u32_e32 v8, 0x4000, v60",704,4592,1248,0,""
2,10460,"buffer_store_short v74, v8, s[12:15], 0 offen",704,85756,82744,5104,""
2,10468,"buffer_store_short v9, v8, s[12:15], 0 offen offset:32",704,6168,3140,0,""
2,10476,"buffer_store_short v13, v8, s[12:15], 0 offen offset:64",704,5580,2560,0,""
2,10484,"buffer_store_short v25, v8, s[12:15], 0 offen offset:96",704,7884,4680,0,""
2,10492,"v_add_u32_e32 v8, 0x6000, v60",704,3920,576,1116,""
2,10500,"buffer_store_short v75, v8, s[12:15], 0 offen",704,63196,60216,5104,""
2,10508,"buffer_store_short v10, v8, s[12:15], 0 offen offset:32",704,5776,2772,0,""
2,10516,"buffer_store_short v14, v8, s[12:15], 0 offen offset:64",704,5148,2152,0,""
2,10524,"buffer_store_short v26, v8, s[12:15], 0 offen offset:96",704,5592,2744,0,""
2,10532,"v_add_u32_e32 v8, 0x20000, v60",704,3684,344,0,""
2,10540,"buffer_store_short v27, v8, s[12:15], 0 offen",704,67412,64384,5108,""
2,10548,"buffer_store_short v20, v8, s[12:15], 0 offen offset:32",704,6472,3504,0,""
2,10556,"buffer_store_short v31, v8, s[12:15], 0 offen offset:64",704,5584,2556,0,""
2,10564,"buffer_store_short v35, v8, s[12:15], 0 offen offset:96",704,6200,3376,0,""
2,10572,"v_add_u32_e32 v8, 0x22000, v60",704,3592,120,0,""
2,10580,"buffer_store_short v28, v8, s[12:15], 0 offen",704,70476,67360,4976,""
2,10588,"buffer_store_short v21, v8, s[12:15], 0 offen offset:32",704,6736,3744,0,""
2,10596,"buffer_store_short v32, v8, s[12:15], 0 offen offset:64",704,5684,2544,0,""
2,10604,"buffer_store_short v37, v8, s[12:15], 0 offen offset:96",704,6488,3668,0,""
2,10612,"v_add_u32_e32 v8, 0x24000, v60",704,3548,0,0,""
2,10620,"buffer_store_short v29, v8, s[12:15], 0 offen",704,63132,60220,4900,""
2,10628,"buffer_store_short v22, v8, s[12:15], 0 offen offset:32",704,4348,1464,0,""
2,10636,"buffer_store_short v33, v8, s[12:15], 0 offen offset:64",704,4140,1208,0,""
2,10644,"buffer_store_short v38, v8, s[12:15], 0 offen offset:96",704,4904,1540,0,""
2,10652,"v_add_u32_e32 v8, 0x26000, v60",704,3504,0,1492,""
2,10660,"buffer_store_short v30, v8, s[12:15], 0 offen",704,63496,60384,4944,""
2,10668,"buffer_store_short v23, v8, s[12:15], 0 offen offset:32",704,7092,4064,0,""
2,10676,"buffer_store_short v34, v8, s[12:15], 0 offen offset:64",704,6560,3396,0,""
2,10684,"buffer_store_short v39, v8, s[12:15], 0 offen offset:96",704,7516,4700,0,""
2,10692,"v_add_u32_e32 v8, 0x40000, v60",704,3528,0,0,""
2,10700,"buffer_store_short v40, v8, s[12:15], 0 offen",704,95044,91796,4920,""
2,10708,"buffer_store_short v44, v8, s[12:15], 0 offen offset:32",704,8652,5572,0,""
2,10716,"buffer_store_short v48, v8, s[12:15], 0 offen offset:64",704,7420,4136,0,""
2,10724,"buffer_store_short v52, v8, s[12:15], 0 offen offset:96",704,9528,6712,0,""
2,10732,"v_add_u32_e32 v8, 0x42000, v60",704,3560,0,0,""
2,10740,"buffer_store_short v41, v8, s[12:15], 0 offen",704,96600,93384,4888,""
2,10748,"buffer_store_short v45, v8, s[12:15], 0 offen offset:32",704,7836,4788,0,""
2,10756,"buffer_store_short v49, v8, s[12:15], 0 offen offset:64",704,6880,3616,0,""
2,10764,"buffer_store_short v53, v8, s[12:15], 0 offen offset:96",704,7820,5004,0,""
2,10772,"v_add_u32_e32 v8, 0x44000, v60",704,3480,0,0,""
2,10780,"buffer_store_short v42, v8, s[12:15], 0 offen",704,67064,64160,4968,""
2,10788,"buffer_store_short v46, v8, s[12:15], 0 offen offset:32",704,3988,1136,0,""
2,10796,"buffer_store_short v50, v8, s[12:15], 0 offen offset:64",704,3612,724,0,""
2,10804,"buffer_store_short v54, v8, s[12:15], 0 offen offset:96",704,4120,740,0,""
2,10812,"v_add_u32_e32 v8, 0x46000, v60",704,3468,0,1684,""
2,10820,"buffer_store_short v43, v8, s[12:15], 0 offen",704,47164,44224,4980,""
2,10828,"buffer_store_short v47, v8, s[12:15], 0 offen offset:32",704,4800,1892,0,""
2,10836,"buffer_store_short v51, v8, s[12:15], 0 offen offset:64",704,4660,1652,0,""
2,10844,"buffer_store_short v55, v8, s[12:15], 0 offen offset:96",704,5148,2332,0,""
2,10852,"v_add_u32_e32 v8, 0x60000, v60",704,3500,0,0,""
2,10860,"buffer_store_short v56, v8, s[12:15], 0 offen",704,59752,56736,4948,""
2,10868,"buffer_store_short v16, v8, s[12:15], 0 offen offset:32",704,5680,2724,0,""
2,10876,"buffer_store_short v4, v8, s[12:15], 0 offen offset:64",704,5128,2088,0,""
2,10884,"buffer_store_short v0, v8, s[12:15], 0 offen offset:96",704,6228,3412,0,""
2,10892,"v_add_u32_e32 v0, 0x62000, v60",704,3512,0,0,""
2,10900,"buffer_store_short v57, v0, s[12:15], 0 offen",704,75512,72376,4936,""
2,10908,"buffer_store_short v17, v0, s[12:15], 0 offen offset:32",704,6984,4004,0,""
2,10916,"buffer_store_short v5, v0, s[12:15], 0 offen offset:64",704,6196,3020,0,""
2,10924,"buffer_store_short v1, v0, s[12:15], 0 offen offset:96",704,7584,4768,0,""
2,10932,"v_add_u32_e32 v0, 0x64000, v60",704,3536,0,0,""
2,10940,"buffer_store_short v58, v0, s[12:15], 0 offen",704,65212,62248,4912,""
2,10948,"buffer_store_short v18, v0, s[12:15], 0 offen offset:32",704,4548,1652,0,""
2,10956,"buffer_store_short v6, v0, s[12:15], 0 offen offset:64",704,4036,1120,0,""
2,10964,"buffer_store_short v2, v0, s[12:15], 0 offen offset:96",704,4728,1400,0,""
2,10972,"v_add_u32_e32 v0, 0x66000, v60",704,3460,0,1496,""
2,10980,"buffer_store_short v59, v0, s[12:15], 0 offen",704,53292,50220,4988,""
2,10988,"buffer_store_short v19, v0, s[12:15], 0 offen offset:32",704,6588,3568,0,""
2,10996,"buffer_store_short v7, v0, s[12:15], 0 offen offset:64",704,6436,3328,0,""
2,11004,"buffer_store_short v3, v0, s[12:15], 0 offen offset:96",704,7660,4140,0,""
2,11012,"s_endpgm",704,429852,0,0,""
